-- phpMyAdmin SQL Dump
-- version 4.6.5.2
-- https://www.phpmyadmin.net/
--
-- Host: 127.0.0.1
-- Generation Time: Nov 01, 2019 at 09:54 AM
-- Server version: 10.1.21-MariaDB
-- PHP Version: 7.1.1

SET SQL_MODE = "NO_AUTO_VALUE_ON_ZERO";
SET time_zone = "+00:00";


/*!40101 SET @OLD_CHARACTER_SET_CLIENT=@@CHARACTER_SET_CLIENT */;
/*!40101 SET @OLD_CHARACTER_SET_RESULTS=@@CHARACTER_SET_RESULTS */;
/*!40101 SET @OLD_COLLATION_CONNECTION=@@COLLATION_CONNECTION */;
/*!40101 SET NAMES utf8mb4 */;

--
-- Database: `testdb`
--

-- --------------------------------------------------------

--
-- Table structure for table `admin`
--

CREATE TABLE `admin` (
  `id` int(11) NOT NULL,
  `username` varchar(50) NOT NULL,
  `password` varchar(1000) NOT NULL,
  `lastlogin` varchar(100) NOT NULL
) ENGINE=InnoDB DEFAULT CHARSET=latin1;

--
-- Dumping data for table `admin`
--

INSERT INTO `admin` (`id`, `username`, `password`, `lastlogin`) VALUES
(1, 'admin1', 'e10adc3949ba59abbe56e057f20f883e', '01/11/2019 09:10:10');

-- --------------------------------------------------------

--
-- Table structure for table `category`
--

CREATE TABLE `category` (
  `id` int(11) NOT NULL,
  `name` varchar(150) NOT NULL
) ENGINE=InnoDB DEFAULT CHARSET=latin1;

--
-- Dumping data for table `category`
--

INSERT INTO `category` (`id`, `name`) VALUES
(1, 'Arthematic'),
(2, 'Data Interpretation');

-- --------------------------------------------------------

--
-- Table structure for table `exam`
--

CREATE TABLE `exam` (
  `eid` int(11) NOT NULL,
  `uid` int(11) DEFAULT NULL,
  `shuffle` varchar(100) DEFAULT NULL
) ENGINE=InnoDB DEFAULT CHARSET=latin1;

--
-- Dumping data for table `exam`
--

INSERT INTO `exam` (`eid`, `uid`, `shuffle`) VALUES
(47, 3, '1,2,9,8,5,3,10,7,4,6,#'),
(48, 1, '10,8,2,5,6,3,4,1,7,9,#'),
(49, 1, '5,9,2,6,8,1,3,4,10,7,#'),
(50, 3, '10,9,5,8,3,2,6,4,1,7,#'),
(51, 1, '10,5,3,1,2,7,9,4,6,8,#'),
(52, 3, '5,7,4,9,8,3,6,2,1,10,#'),
(53, 1, '5,6,9,2,7,10,1,8,3,4,#'),
(54, 1, '6,5,9,10,7,4,8,2,3,1,#'),
(55, 3, '3,6,8,7,1,2,4,5,9,10,#'),
(56, 3, '6,2,9,10,1,5,7,8,3,4,#'),
(57, 1, '1,2,4,7,8,6,10,3,5,9,#'),
(58, 3, '3,10,8,1,5,9,4,2,6,7,#'),
(59, 1, '8,7,1,9,10,3,6,4,2,5,#'),
(60, 1, '4,9,3,7,10,6,5,2,1,8,#'),
(61, 1, '3,9,6,10,2,7,1,8,4,5,#'),
(62, 1, '1,6,3,8,7,2,9,4,5,10,#'),
(63, 1, '6,10,8,1,7,2,5,3,4,9,#'),
(64, 1, '8,7,10,1,2,3,9,6,4,5,#'),
(65, 1, '4,7,1,6,10,8,2,3,5,9,#'),
(66, 1, '6,9,8,1,4,5,7,2,3,10,#'),
(67, 3, '6,5,9,2,1,4,10,7,3,8,#'),
(68, 3, '6,9,4,8,3,7,10,2,5,1,#'),
(69, 1, '3,2,8,7,1,4,9,6,10,5,#'),
(70, 1, '6,5,2,9,8,1,10,7,4,3,#'),
(71, 1, '10,5,4,1,9,6,8,2,3,7,#'),
(72, 1, '7,5,3,8,9,1,4,10,6,2,#'),
(73, 1, '9,4,5,7,1,6,8,3,2,10,#'),
(74, 1, '8,5,6,2,1,4,7,9,3,10,#'),
(75, 1, '6,3,8,7,2,1,9,4,10,5,#'),
(76, 1, '10,8,2,3,7,1,9,5,4,6,#'),
(77, 3, '8,4,5,2,7,1,10,3,9,6,#'),
(78, 3, '8,3,1,9,4,10,7,2,6,5,#'),
(79, 1, '9,7,4,3,1,2,10,8,5,6,#'),
(80, 1, '8,9,10,2,4,3,5,1,7,6,#'),
(81, 1, '4,1,10,8,3,6,2,7,5,9,#'),
(82, 1, '7,8,6,9,4,2,1,5,10,3,#'),
(83, 1, '10,8,7,2,6,5,9,3,1,4,#'),
(84, 1, '9,7,2,3,1,10,8,5,4,6,#'),
(85, 1, '5,9,1,6,4,3,10,7,8,2,#'),
(86, 3, '1,3,6,7,5,2,8,4,10,9,#'),
(87, 3, '7,10,5,6,4,9,8,1,3,2,#'),
(88, 3, '1,8,2,4,6,9,10,5,7,3,#'),
(89, 1, '2,5,6,7,10,1,9,8,3,4,#'),
(90, 1, '2,1,7,3,10,5,8,6,4,9,#'),
(91, 1, '2,8,4,7,6,10,3,1,9,5,#'),
(92, 1, '4,7,1,3,5,6,2,9,10,8,#'),
(93, 1, '2,6,9,1,10,8,3,4,5,7,#'),
(94, 1, '6,4,5,8,10,7,9,2,3,1,#'),
(95, 1, '2,10,1,7,4,3,8,9,6,5,#'),
(96, 1, '7,10,6,3,5,9,4,1,8,2,#'),
(97, 3, '8,5,7,2,9,4,10,6,3,1,#'),
(98, 3, '4,2,8,3,10,9,5,7,6,1,#'),
(99, 1, '1,4,2,9,6,8,7,5,3,10,#'),
(100, 3, '7,3,4,5,2,1,6,10,8,9,#'),
(101, 3, '6,5,1,8,2,7,9,4,10,3,#'),
(102, 3, '9,1,8,2,6,3,5,4,10,7,#'),
(103, 1, '8,3,4,5,2,10,7,1,9,6,#'),
(104, 1, '1,7,4,3,8,6,2,9,5,10,#'),
(105, 3, '5,8,3,7,9,1,2,4,6,10,#'),
(106, 3, '1,10,8,5,4,6,3,7,9,2,#'),
(107, 3, '3,2,9,5,7,8,4,6,1,10,#'),
(108, 1, '3,2,1,9,10,7,4,6,8,5,#'),
(109, 3, '3,6,2,1,9,10,4,5,7,8,#'),
(110, 3, '3,7,10,6,9,8,1,2,4,5,#'),
(111, 3, '2,6,4,1,3,8,5,10,9,7,#'),
(112, 3, '9,2,6,10,1,7,4,8,5,3,#'),
(113, 1, '9,10,7,3,2,4,5,8,6,1,#'),
(114, 3, '9,4,8,3,6,2,7,1,10,5,#'),
(115, 1, '5,3,9,10,7,8,4,1,6,2,#'),
(116, 3, '2,4,7,10,1,6,9,5,3,8,#'),
(117, 1, '10,4,7,1,6,2,9,3,8,5,#'),
(118, 3, '5,2,6,9,4,10,8,1,7,3,#'),
(119, 1, '4,3,7,9,5,1,6,10,2,8,#'),
(120, 3, '10,9,7,4,3,1,5,6,2,8,#'),
(121, 3, '3,2,1,7,4,10,6,8,5,9,#'),
(122, 1, '7,10,5,1,4,8,6,2,3,9,#'),
(123, 1, '4,7,2,8,1,5,3,6,10,9,#'),
(124, 1, '2,6,7,4,1,3,5,8,9,10,#'),
(125, 3, '7,2,4,6,3,8,10,9,1,5,#'),
(126, 3, '2,1,9,6,8,5,4,10,7,3,#'),
(127, 3, '1,7,8,6,3,5,9,4,2,10,#'),
(128, 3, '4,1,9,7,3,10,6,2,5,8,#'),
(129, 3, '4,3,9,10,1,2,7,8,6,5,#'),
(130, 1, '7,9,2,5,1,4,8,6,10,3,#'),
(131, 3, '3,4,7,9,1,8,10,5,2,6,#'),
(132, 1, '4,9,8,5,6,10,1,3,7,2,#'),
(133, 1, '6,7,8,10,3,4,2,5,9,1,#'),
(134, 1, '6,8,2,5,1,3,9,4,10,7,#'),
(135, 3, '9,4,5,10,7,3,8,6,2,1,#'),
(136, 1, '2,3,8,6,1,5,4,9,7,10,#'),
(137, 3, '5,4,6,10,8,1,3,7,9,2,#'),
(138, 3, '8,6,2,3,5,9,1,4,7,10,#'),
(139, 1, '7,9,1,2,3,4,6,5,10,8,#'),
(140, 3, '1,5,10,9,6,7,3,4,2,8,#'),
(141, 1, '4,2,9,7,1,8,10,3,5,6,#'),
(142, 3, '1,10,4,3,7,8,6,5,2,9,#'),
(143, 1, '8,2,7,3,1,6,5,4,10,9,#'),
(144, 3, '2,7,9,6,4,1,5,8,3,10,#'),
(145, 3, '10,1,9,4,8,5,3,7,2,6,#'),
(146, 3, '3,1,8,7,5,6,9,10,4,2,#'),
(147, 1, '7,8,2,5,10,1,3,9,6,4,#'),
(148, 3, '10,7,1,9,6,4,2,3,8,5,#'),
(149, 3, '6,1,4,2,9,10,7,3,8,5,#'),
(150, 1, '9,10,6,8,3,1,7,5,4,2,#'),
(151, 3, '8,6,7,1,2,5,9,10,4,3,#'),
(152, 3, '8,5,3,10,7,6,4,1,2,9,#'),
(153, 3, '4,8,3,5,1,9,6,7,2,10,#'),
(154, 3, '6,9,8,10,7,2,1,5,4,3,#'),
(155, 3, '1,8,2,9,3,4,10,6,5,7,#'),
(156, 3, '6,10,8,9,7,2,5,4,3,1,#'),
(157, 3, '6,3,10,9,8,2,4,7,5,1,#'),
(158, 3, '9,5,8,1,4,2,10,7,6,3,#'),
(159, 1, '8,5,10,9,2,3,4,1,6,7,#'),
(160, 3, '2,8,6,5,7,9,10,3,4,1,#'),
(161, 3, '3,2,6,10,5,4,9,8,7,1,#'),
(162, 1, '6,1,4,3,7,5,2,8,9,10,#'),
(163, 3, '9,10,1,2,6,4,8,7,3,5,#'),
(164, 3, '1,7,3,2,9,8,4,10,5,6,#'),
(165, 3, '8,3,4,1,9,6,5,10,7,2,#'),
(166, 3, '7,6,4,2,1,10,5,8,3,9,#'),
(167, 3, '8,6,5,4,10,3,7,2,1,9,#'),
(168, 3, '2,1,7,10,9,6,8,5,4,3,#'),
(169, 3, '5,7,3,4,9,8,6,2,1,10,#'),
(170, 3, '3,8,7,1,10,6,2,4,9,5,#'),
(171, 3, '4,1,3,2,8,9,7,10,6,5,#'),
(172, 3, '10,2,5,3,6,4,7,1,8,9,#'),
(173, 3, '1,2,4,6,9,3,7,8,5,10,#'),
(174, 3, '6,9,4,8,3,10,1,7,2,5,#'),
(175, 3, '5,4,2,10,6,3,7,1,9,8,#'),
(176, 3, '9,5,3,7,10,6,2,8,1,4,#'),
(177, 3, '7,1,5,2,9,8,3,10,6,4,#'),
(178, 3, '1,7,8,10,2,5,4,6,3,9,#'),
(179, 3, '4,2,1,10,6,9,8,3,7,5,#'),
(180, 3, '3,9,5,7,8,6,10,1,4,2,#'),
(181, 3, '9,8,3,1,10,6,4,5,2,7,#'),
(182, 3, '10,2,8,6,1,4,5,9,3,7,#'),
(183, 3, '8,9,6,2,3,1,10,5,4,7,#'),
(184, 3, '10,2,7,4,5,1,3,9,8,6,#'),
(185, 3, '5,10,1,9,7,2,3,8,4,6,#'),
(186, 1, '5,1,3,4,10,9,2,7,8,6,#'),
(187, 3, '4,2,5,8,3,6,10,7,9,1,#'),
(188, 3, '1,7,5,9,2,10,3,4,6,8,#'),
(189, 3, '1,9,3,5,7,10,4,2,6,8,#'),
(190, 3, '8,10,9,6,1,2,5,3,7,4,#'),
(191, 3, '8,10,2,7,4,1,5,6,3,9,#'),
(192, 3, '8,1,3,9,7,5,6,2,4,10,#'),
(193, 3, '7,1,4,10,6,5,2,3,9,8,#'),
(194, 3, '8,3,7,1,6,10,5,2,4,9,#'),
(195, 3, '2,7,1,4,9,3,5,10,6,8,#'),
(196, 1, '9,1,8,5,3,10,7,4,6,2,#'),
(197, 3, '4,10,1,3,2,6,7,8,9,5,#'),
(198, 3, '8,1,4,7,2,5,3,10,6,9,#'),
(199, 3, '8,1,2,9,3,4,7,10,6,5,#'),
(200, 3, '4,6,8,3,9,1,5,10,7,2,#'),
(201, 3, '8,6,1,7,9,4,2,3,5,10,#'),
(202, 3, '6,9,1,5,4,10,8,2,3,7,#'),
(203, 3, '6,7,1,2,10,5,9,3,4,8,#'),
(204, 3, '4,9,6,8,7,1,10,3,5,2,#'),
(205, 3, '5,1,4,3,6,9,7,8,10,2,#'),
(206, 3, '9,6,4,5,8,10,1,7,2,3,#'),
(207, 3, '4,7,6,8,10,1,9,3,2,5,#'),
(208, 3, '1,9,8,2,5,6,3,7,4,10,#'),
(209, 3, '8,3,5,9,6,2,4,1,7,10,#'),
(210, 3, '9,6,4,3,1,7,2,10,5,8,#'),
(211, 3, '3,2,10,6,1,8,4,7,5,9,#'),
(212, 3, '2,3,8,9,1,5,10,6,7,4,#'),
(213, 3, '7,9,1,5,2,4,8,10,3,6,#'),
(214, 3, '9,6,3,2,4,7,5,8,10,1,#'),
(215, 3, '9,7,3,8,1,10,2,6,4,5,#'),
(216, 3, '8,5,6,2,4,10,7,1,9,3,#'),
(217, 3, '10,7,2,1,5,3,9,6,8,4,#'),
(218, 3, '2,8,3,1,9,6,5,4,10,7,#'),
(219, 3, '4,3,2,9,10,7,1,6,5,8,#'),
(220, 3, '10,3,8,2,9,7,6,1,5,4,#'),
(221, 3, '9,2,1,6,5,10,7,3,8,4,#'),
(222, 3, '8,6,4,2,5,10,3,1,7,9,#'),
(223, 3, '7,2,10,9,8,3,4,1,5,6,#'),
(224, 3, '1,10,5,3,6,2,7,9,8,4,#'),
(225, 3, '10,4,9,6,3,7,1,8,2,5,#'),
(226, 3, '4,5,7,6,9,2,8,3,10,1,#'),
(227, 3, '5,10,2,4,9,6,3,1,8,7,#'),
(228, 3, '1,8,2,7,3,10,9,5,4,6,#'),
(229, 3, '7,9,3,2,1,10,6,8,4,5,#'),
(230, 1, '4,2,10,3,9,5,6,1,7,8,#'),
(231, 1, '3,10,5,8,4,6,9,7,1,2,#'),
(232, 3, '8,2,4,7,6,9,5,10,1,3,#'),
(233, 3, '5,2,7,8,3,10,9,4,6,1,#'),
(234, 1, '5,6,4,8,2,3,1,10,9,7,#'),
(235, 3, '9,5,7,8,10,3,2,4,1,6,#'),
(236, 1, '3,10,9,7,4,8,6,5,1,2,#'),
(237, 3, '4,2,9,8,10,6,1,3,7,5,#'),
(238, 3, '6,9,1,3,5,10,4,8,2,7,#'),
(239, 3, '2,1,7,5,3,4,8,6,10,9,#'),
(240, 3, '10,4,2,1,9,6,3,8,5,7,#'),
(241, 1, '8,7,10,4,1,3,2,6,5,9,#'),
(242, 3, '2,4,9,10,7,6,8,3,5,1,#'),
(243, 3, '6,4,3,5,8,2,7,1,9,10,#'),
(244, 3, '8,3,1,4,6,7,9,5,2,10,#'),
(245, 1, '5,6,9,10,4,3,7,2,8,1,#'),
(246, 3, '7,10,5,3,2,6,1,9,8,4,#'),
(247, 3, '1,5,7,6,4,10,9,2,8,3,#'),
(248, 1, '6,1,8,2,7,3,5,9,10,4,#'),
(249, 3, '8,4,3,9,7,1,2,6,5,10,#'),
(250, 1, '3,2,9,1,5,10,8,4,6,7,#'),
(251, 3, '3,8,4,6,1,5,10,2,9,7,#'),
(252, 3, '1,8,7,6,9,2,5,3,10,4,#'),
(253, 3, '3,5,10,1,6,2,8,7,4,9,#'),
(254, 3, '2,8,5,7,9,1,3,6,4,10,#'),
(255, 1, '8,6,7,3,4,5,1,9,10,2,#'),
(256, 1, '9,6,2,7,3,5,4,10,8,1,#'),
(257, 3, '6,8,5,7,2,1,9,4,3,10,#'),
(258, 3, '3,9,10,2,5,7,4,1,6,8,#'),
(259, 3, '1,5,3,7,4,9,8,10,6,2,#'),
(260, 1, '7,4,3,9,1,8,2,5,6,10,#'),
(261, 3, '6,10,7,3,1,8,5,2,9,4,#'),
(262, 3, '5,10,7,1,6,4,8,2,3,9,#'),
(263, 3, '8,9,5,7,4,2,6,3,1,10,#'),
(264, 3, '8,1,3,10,6,5,7,4,2,9,#'),
(265, 3, '9,7,8,3,10,6,4,1,5,2,#'),
(266, 1, '1,6,3,2,8,9,4,7,10,5,#'),
(267, 3, '7,6,2,8,9,12,11,4,10,1,#'),
(268, 3, '4,1,5,12,10,3,6,9,2,8,#'),
(269, 3, '1,9,3,8,7,4,2,12,6,11,#'),
(270, 3, '9,12,8,11,5,10,4,2,3,7,#'),
(271, 3, '10,7,1,8,11,9,12,5,3,2,#'),
(272, 3, '2,9,3,7,8,5,6,10,4,1,#'),
(273, 3, '9,11,7,8,2,6,10,1,5,12,#'),
(274, 1, '2,5,1,7,3,4,8,9,11,6,#'),
(275, 3, '1,4,,,,,,,,,#'),
(276, 1, '1,4,,,,,,,,,#'),
(277, 3, '1,4,,,,,,,,,#'),
(278, 1, '3,10,6,7,14,1,5,8,9,4,#'),
(279, 1, '7,2,6,9,1,13,10,14,3,4,#'),
(280, 3, '1,9,10,14,8,13,6,5,7,4,#'),
(281, 3, '6,8,1,14,4,9,7,2,3,10,#'),
(282, 3, '4,8,1,7,5,13,3,14,6,10,#'),
(283, 3, '7,8,10,2,1,13,5,14,4,6,#'),
(284, 3, '7,10,14,8,1,9,2,13,5,4,#'),
(285, 3, '7,8,9,14,2,6,10,4,13,1,#'),
(286, 3, '2,7,9,10,4,14,8,6,1,13,#'),
(287, 3, '5,10,2,14,6,3,13,7,9,4,#'),
(288, 3, '14,10,8,2,4,7,13,9,6,3,#'),
(289, 3, '8,1,4,13,7,5,10,2,3,14,#'),
(290, 3, '7,13,14,1,9,8,3,5,4,2,#'),
(291, 3, '9,1,7,8,2,10,6,13,3,4,#'),
(292, 3, '2,8,7,13,5,3,1,6,14,4,#'),
(293, 3, '3,9,10,8,14,1,7,4,6,13,#'),
(294, 3, '2,4,1,9,5,8,13,14,6,7,#'),
(295, 3, '8,13,9,3,5,4,10,6,14,7,#'),
(296, 3, '14,13,10,1,6,7,2,3,8,9,#'),
(297, 3, '6,3,14,9,10,7,8,5,2,4,#'),
(298, 3, '4,10,14,8,9,2,13,6,7,1,#'),
(299, 3, '13,10,5,7,4,3,1,8,9,14,#'),
(300, 3, '4,3,7,9,10,5,6,8,14,1,#'),
(301, 3, '8,5,3,14,4,9,1,2,7,10,#'),
(302, 3, '4,8,3,10,14,2,7,13,9,5,#'),
(303, 3, '6,1,4,2,14,10,5,7,13,8,#'),
(304, 3, '9,13,8,5,14,6,10,2,3,1,#'),
(305, 3, '9,8,13,14,1,3,5,7,10,6,#'),
(306, 3, '1,8,6,7,10,14,5,4,3,2,#'),
(307, 3, '8,13,10,6,9,2,3,5,14,7,#'),
(308, 3, '4,5,1,2,9,8,10,3,7,6,#'),
(309, 3, '7,13,4,3,9,10,14,8,1,6,#'),
(310, 3, '13,6,1,3,10,9,8,4,5,2,#'),
(311, 3, '7,5,10,6,4,9,2,13,1,3,#'),
(312, 3, '3,10,14,13,8,6,4,9,2,5,#'),
(313, 3, '6,1,8,14,3,5,4,2,7,10,#'),
(314, 3, '6,2,13,7,1,3,9,4,14,10,#'),
(315, 3, '3,8,5,7,4,1,6,2,13,9,#'),
(316, 3, '1,14,7,2,13,5,9,10,6,4,#'),
(317, 3, '8,10,14,7,2,4,9,6,5,3,#'),
(318, 3, '13,6,8,3,9,10,1,2,7,5,#'),
(319, 3, '8,7,3,4,5,13,6,1,9,14,#'),
(320, 3, '3,5,9,10,7,13,2,8,14,4,#'),
(321, 3, '2,10,4,8,6,14,7,1,9,13,#'),
(322, 3, '8,2,9,4,5,7,3,10,14,6,#'),
(323, 3, '4,10,2,5,6,9,8,13,1,3,#'),
(324, 3, '7,1,6,5,14,13,4,10,2,9,#'),
(325, 3, '9,13,4,5,14,6,8,1,2,7,#'),
(326, 3, '6,7,5,10,13,14,8,9,3,1,#'),
(327, 3, '13,6,5,3,10,4,9,1,7,14,#'),
(328, 3, '1,9,5,13,6,4,3,14,7,8,#'),
(329, 3, '8,7,6,2,13,14,4,9,3,5,#'),
(330, 3, '9,5,2,14,4,6,7,10,13,1,#'),
(331, 3, '10,13,2,3,4,5,6,7,14,1,#'),
(332, 3, '1,14,10,2,7,8,3,9,5,13,#'),
(333, 3, '4,1,2,8,5,7,10,9,6,14,#'),
(334, 3, '6,13,3,10,2,9,4,7,14,1,#'),
(335, 3, '4,3,13,9,5,8,7,10,1,14,#'),
(336, 3, '9,4,5,3,14,13,10,6,7,8,#'),
(337, 3, '1,13,8,2,9,6,5,7,3,4,#'),
(338, 3, '6,8,10,9,13,7,14,3,4,1,#'),
(339, 3, '5,4,10,13,9,1,3,2,14,7,#'),
(340, 3, '5,9,1,6,13,10,7,4,3,8,#'),
(341, 3, '5,7,13,4,6,1,10,9,3,14,#'),
(342, 3, '10,13,5,4,2,8,14,9,3,6,#'),
(343, 3, '9,13,6,4,8,10,3,7,14,2,#'),
(344, 3, '9,13,1,10,3,7,5,8,6,14,#'),
(345, 3, '10,5,6,1,9,4,7,2,8,3,#'),
(346, 3, '3,7,6,14,13,5,10,2,4,9,#'),
(347, 3, '14,8,9,5,7,3,13,4,6,10,#'),
(348, 3, '8,4,6,13,14,2,5,9,7,10,#'),
(349, 3, '13,6,2,10,9,8,4,14,7,3,#'),
(350, 3, '5,8,7,3,4,14,10,1,2,9,#'),
(351, 3, '3,8,6,1,13,4,7,10,2,9,#'),
(353, 3, '1,2,3,4,5,6,7,8,9,10,#'),
(354, 3, '1,2,3,4,5,6,7,8,9,10,#'),
(355, 3, '1,2,3,4,5,6,7,8,9,10,#'),
(358, 3, '6,3,1,14,10,5,2,4,9,13,#'),
(359, 3, '7,13,14,8,6,3,5,2,1,4,#'),
(360, 3, '1,10,2,4,13,3,8,5,14,9,#'),
(361, 3, '10,9,5,1,4,3,6,8,14,7,#'),
(362, 3, '1,10,7,6,2,9,8,14,5,13,#'),
(363, 3, '2,5,13,1,6,14,7,10,4,8,#'),
(364, 3, '5,1,9,8,2,10,13,7,3,6,#'),
(365, 3, '4,6,7,8,3,5,13,10,9,2,#'),
(366, 3, '4,7,14,1,6,2,13,9,8,3,#'),
(367, 3, '5,6,1,8,7,9,3,4,10,14,#'),
(368, 3, '7,6,10,2,4,5,3,9,14,13,#'),
(369, 3, '10,2,9,6,14,3,13,8,4,5,#'),
(370, 3, '10,4,2,9,3,8,7,6,14,5,#'),
(371, 3, '7,13,1,2,6,5,8,10,14,3,#'),
(372, 3, '7,1,14,5,9,2,10,8,13,4,#');

-- --------------------------------------------------------

--
-- Table structure for table `questions`
--

CREATE TABLE `questions` (
  `id` int(11) NOT NULL,
  `question` varchar(1000) NOT NULL,
  `A` varchar(10) NOT NULL,
  `B` varchar(10) NOT NULL,
  `C` varchar(10) NOT NULL,
  `D` varchar(10) NOT NULL,
  `ans` varchar(10) NOT NULL,
  `category` int(11) NOT NULL
) ENGINE=InnoDB DEFAULT CHARSET=latin1;

--
-- Dumping data for table `questions`
--

INSERT INTO `questions` (`id`, `question`, `A`, `B`, `C`, `D`, `ans`, `category`) VALUES
(1, 'A train running at the speed of 60 km/hr crosses a pole in 9 seconds. What is the length of the train?', '120 m', '180 m', '324 m', '150 m', '150 m', 1),
(2, '	\r\nA train 125 m long passes a man, running at 5 km/hr in the same direction in which the train is going, in 10 seconds. The speed of the train is:', '45 km/hr', '50 km/hr', '54 km/hr', '55 km/hr', '50 km/hr', 1),
(3, 'The length of the bridge, which a train 130 metres long and travelling at 45 km/hr can cross in 30 seconds, is:', '200m', '225m', '245m', '250m', '245m', 1),
(4, 'Two trains running in opposite directions cross a man standing on the platform in 27 seconds and 17 seconds respectively and they cross each other in 23 seconds. The ratio of their speeds is:', '1 : 3', '3 : 2', '3 : 4', 'None of th', '3 : 2', 1),
(5, 'From 7:00 AM to 11:00 AM it rained 2.25 inches. At 11:00 AM the rain increased to fall at a rate of 1.25 in. every two hours. How many inches of rain landed on the ground by 5:00 PM?', '7', '9.75', '6', '3.25', '6', 1),
(6, ' The owner of a hobby store needed to calculate the percentage of customers who purchase wood glue. Upon completing his survey, he noticed that 60% of the people that entered his store purchased an item. Of those customers, 15 percent purchased wood glue. What percent of the people that entered the store purchased wood glue?', '8', '7', '9', '12', '9', 1),
(7, 'If 1/x = 3.5 then 1/(x+2) =', '7/9', '16/7', '7/16', '9/7', '7/16', 1),
(8, ' A store owner is packing small radios into larger boxes that measure 25 in. by 42 in. by 60 in. If the measurement of each radio is 7 in. by 6 in. by 5 in., then how many radios can be placed in the box?', '300', '325', '400', '420', '300', 1),
(9, 'Frank is 15 years younger than John. In 5 years John will be twice as old as Frank. How old will Frank be in four years ', '8', '10', '12', '14', '14', 1),
(10, ' A store owner decided to raise the price of a particular item by exactly 10%. Of the following which is NOT the new price?', '1.10 Rs', '8.80 Rs', '11.00 Rs', '57.30 Rs', '57.30 Rs', 1),
(13, 'In a certain department store, which has four sizes of a specific shirt, there are 1/3 as many small shirts as medium shirts, and 1/2 as many large shirts as small shirts. If there are as many x-large shirts as large shirts, what percent of the shirts in the store are medium?', '10%', '25%', '60%', '33%', '60%', 1),
(14, '	A new apartment complex purchased 60 toilets and 20 shower heads. If the price of a toilet is three times the price of a shower head, what percent of the total cost was the cost of all the shower heads?', '9%', '10%', '11%', '12%', '10%', 1);

-- --------------------------------------------------------

--
-- Table structure for table `timetable`
--

CREATE TABLE `timetable` (
  `tid` int(11) NOT NULL,
  `uid` int(11) DEFAULT NULL,
  `intime` int(10) DEFAULT NULL,
  `outtime` int(10) DEFAULT NULL
) ENGINE=InnoDB DEFAULT CHARSET=latin1;

--
-- Dumping data for table `timetable`
--

INSERT INTO `timetable` (`tid`, `uid`, `intime`, `outtime`) VALUES
(7, 1, 1565155996, 1565156896),
(8, 1, 1565157114, 1565158014),
(9, 1, 1565157123, 1565158023),
(10, 1, 1565157152, 1565158052),
(11, 1, 1565157158, 1565158058),
(12, 1, 1565157162, 1565158062),
(13, 3, 1565157736, 1565158636),
(14, 1, 1565158850, 1565159750),
(15, 1, 1565158908, 1565159808),
(16, 1, 1565159120, 1565160020),
(17, 1, 1565159231, 1565160131),
(18, 1, 1565159249, 1565160149),
(19, 1, 1565159285, 1565160185),
(20, 1, 1565159301, 1565160201),
(21, 1, 1565159333, 1565160233),
(22, 1, 1565159352, 1565160252),
(23, 1, 1565159456, 1565160356),
(24, 1, 1565159886, 1565160786),
(25, 1, 1565159911, 1565160811),
(26, 1, 1565160179, 1565161079),
(27, 1, 1565160195, 1565161095),
(28, 1, 1565160234, 1565161134),
(29, 1, 1565160297, 1565161197),
(30, 1, 1565160305, 1565161205),
(31, 1, 1565160316, 1565161216),
(32, 1, 1565160482, 1565161382),
(33, 1, 1565161252, 1565162152),
(34, 1, 1565161252, 1565162152),
(35, 1, 1565161256, 1565162156),
(36, 1, 1565161525, 1565162425),
(37, 1, 1565161579, 1565162479),
(38, 1, 1565161598, 1565162498),
(39, 1, 1565161641, 1565162541),
(40, 1, 1565161698, 1565162598),
(41, 1, 1565161719, 1565162619),
(42, 1, 1565161786, 1565162686),
(43, 1, 1565161820, 1565162720),
(44, 1, 1565161854, 1565162754),
(45, 1, 1565161903, 1565162803),
(46, 1, 1565161929, 1565162829),
(47, 1, 1565161984, 1565162884),
(48, 1, 1565161986, 1565162886),
(49, 1, 1565161989, 1565162889),
(50, 1, 1565162961, 1565163861),
(51, 1, 1565163011, 1565163911),
(52, 1, 1565163075, 1565163975),
(53, 1, 1565163142, 1565164042),
(54, 1, 1565163545, 1565164445),
(55, 1, 1565163582, 1565164482),
(56, 1, 1565163636, 1565164536),
(57, 1, 1565164253, 1565165153),
(58, 1, 1565164584, 1565165484),
(59, 1, 1565165394, 1565166294),
(60, 1, 1565165526, 1565166426),
(61, 1, 1565165622, 1565166522),
(62, 3, 1565171861, 1565171921),
(63, 3, 1565172014, 1565172074),
(64, 3, 1565172157, 1565172217),
(65, 3, 1565172157, 1565172217),
(66, 3, 1565172157, 1565172217),
(67, 3, 1565172157, 1565172217),
(68, 3, 1565172157, 1565172217),
(69, 3, 1565172157, 1565172217),
(70, 3, 1565172157, 1565172217),
(71, 3, 1565172157, 1565172217),
(72, 3, 1565172157, 1565172217),
(73, 3, 1565172157, 1565172217),
(74, 3, 1565172157, 1565172217),
(75, 3, 1565172158, 1565172218),
(76, 3, 1565172158, 1565172218),
(77, 3, 1565172158, 1565172218),
(78, 3, 1565172158, 1565172218),
(79, 3, 1565172158, 1565172218),
(80, 3, 1565172158, 1565172218),
(81, 3, 1565172158, 1565172218),
(82, 3, 1565172158, 1565172218),
(83, 3, 1565172174, 1565172234),
(84, 3, 1565172174, 1565172234),
(85, 3, 1565172174, 1565172234),
(86, 3, 1565172174, 1565172234),
(87, 3, 1565172175, 1565172235),
(88, 3, 1565172175, 1565172235),
(89, 3, 1565172175, 1565172235),
(90, 3, 1565172175, 1565172235),
(91, 3, 1565172175, 1565172235),
(92, 3, 1565172175, 1565172235),
(93, 3, 1565172175, 1565172235),
(94, 3, 1565172175, 1565172235),
(95, 3, 1565172176, 1565172236),
(96, 3, 1565172176, 1565172236),
(97, 3, 1565172176, 1565172236),
(98, 3, 1565172176, 1565172236),
(99, 3, 1565172176, 1565172236),
(100, 3, 1565172176, 1565172236),
(101, 3, 1565172177, 1565172237),
(102, 3, 1565172177, 1565172237),
(103, 3, 1565172177, 1565172237),
(104, 3, 1565172177, 1565172237),
(105, 3, 1565172177, 1565172237),
(106, 3, 1565172177, 1565172237),
(107, 3, 1565172177, 1565172237),
(108, 3, 1565172178, 1565172238),
(109, 3, 1565172178, 1565172238),
(110, 3, 1565172178, 1565172238),
(111, 3, 1565172178, 1565172238),
(112, 3, 1565172178, 1565172238),
(113, 3, 1565172178, 1565172238),
(114, 3, 1565172178, 1565172238),
(115, 3, 1565172179, 1565172239),
(116, 3, 1565172179, 1565172239),
(117, 3, 1565172179, 1565172239),
(118, 3, 1565172179, 1565172239),
(119, 3, 1565172179, 1565172239),
(120, 3, 1565172179, 1565172239),
(121, 3, 1565172180, 1565172240),
(122, 3, 1565172180, 1565172240),
(123, 3, 1565172180, 1565172240),
(124, 3, 1565172180, 1565172240),
(125, 3, 1565172180, 1565172240),
(126, 3, 1565172180, 1565172240),
(127, 3, 1565172181, 1565172241),
(128, 3, 1565172181, 1565172241),
(129, 3, 1565172181, 1565172241),
(130, 3, 1565172181, 1565172241),
(131, 3, 1565172181, 1565172241),
(132, 3, 1565172181, 1565172241),
(133, 3, 1565172181, 1565172241),
(134, 3, 1565172182, 1565172242),
(135, 3, 1565172182, 1565172242),
(136, 3, 1565172182, 1565172242),
(137, 3, 1565172182, 1565172242),
(138, 3, 1565172182, 1565172242),
(139, 3, 1565172182, 1565172242),
(140, 3, 1565172183, 1565172243),
(141, 3, 1565172183, 1565172243),
(142, 3, 1565172183, 1565172243),
(143, 3, 1565172183, 1565172243),
(144, 3, 1565172183, 1565172243),
(145, 3, 1565172188, 1565172248),
(146, 3, 1565172189, 1565172249),
(147, 1, 1565172269, 1565172329),
(148, 1, 1565172333, 1565172343),
(149, 1, 1565172396, 1565172406),
(150, 1, 1565172507, 1565172517),
(151, 1, 1565172507, 1565172517),
(152, 1, 1565172507, 1565172517),
(153, 1, 1565172507, 1565172517),
(154, 1, 1565172507, 1565172517),
(155, 1, 1565172507, 1565172517),
(156, 1, 1565172507, 1565172517),
(157, 1, 1565172508, 1565172518),
(158, 1, 1565172508, 1565172518),
(159, 1, 1565172508, 1565172518),
(160, 1, 1565172508, 1565172518),
(161, 1, 1565172508, 1565172518),
(162, 1, 1565172508, 1565172518),
(163, 1, 1565172508, 1565172518),
(164, 1, 1565172508, 1565172518),
(165, 1, 1565172508, 1565172518),
(166, 1, 1565172508, 1565172518),
(167, 1, 1565172508, 1565172518),
(168, 1, 1565172508, 1565172518),
(169, 1, 1565172579, 1565172589),
(170, 1, 1565172599, 1565172609),
(171, 1, 1565172618, 1565172628),
(172, 1, 1565172634, 1565172644),
(173, 1, 1565172720, 1565172730),
(174, 1, 1565173070, 1565173080),
(175, 3, 1565173240, 1565173250),
(176, 3, 1565173273, 1565173283),
(177, 3, 1565173273, 1565173283),
(178, 3, 1565173327, 1565173337),
(179, 3, 1565173343, 1565173353),
(180, 3, 1565173343, 1565173353),
(181, 1, 1565173458, 1565173468),
(182, 3, 1565173510, 1565173520),
(183, 3, 1565173687, 1565173697),
(184, 3, 1565173875, 1565173885),
(185, 3, 1565173905, 1565173915),
(186, 3, 1565173925, 1565173935),
(187, 3, 1565173944, 1565173954),
(188, 3, 1565173950, 1565173960),
(189, 3, 1565174052, 1565174062),
(190, 3, 1565174107, 1565174117),
(191, 3, 1565174138, 1565174148),
(192, 3, 1565174260, 1565174270),
(193, 3, 1565174285, 1565174295),
(194, 1, 1565174322, 1565174332),
(195, 1, 1565174354, 1565174364),
(196, 1, 1565174441, 1565174451),
(197, 3, 1565174605, 1565174615),
(198, 3, 1565174651, 1565174661),
(199, 3, 1565174677, 1565174687),
(200, 1, 1565175184, 1565175194),
(201, 1, 1565175405, 1565175415),
(202, 1, 1565175455, 1565175465),
(203, 1, 1565175527, 1565175537),
(204, 1, 1565175641, 1565175651),
(205, 3, 1565176089, 1565176099),
(206, 3, 1565176122, 1565176132),
(207, 3, 1565176175, 1565176185),
(208, 3, 1565176229, 1565176239),
(209, 3, 1565176272, 1565176282),
(210, 3, 1565176315, 1565176325),
(211, 3, 1565176350, 1565176360),
(212, 3, 1565176376, 1565176386),
(213, 3, 1565176421, 1565176431),
(214, 3, 1565176482, 1565176492),
(215, 3, 1565176524, 1565176534),
(216, 3, 1565176560, 1565176570),
(217, 3, 1565176579, 1565176589),
(218, 3, 1565176712, 1565176722),
(219, 3, 1565176864, 1565176874),
(220, 3, 1565176935, 1565176945),
(221, 3, 1565176972, 1565176982),
(222, 3, 1565177010, 1565177020),
(223, 3, 1565177147, 1565178047),
(224, 3, 1565177190, 1565178090),
(225, 1, 1565177510, 1565178410),
(226, 3, 1565177879, 1565178779),
(227, 1, 1565178196, 1565179096),
(228, 3, 1565178251, 1565179151),
(229, 1, 1565240448, 1565241348),
(230, 3, 1565240502, 1565241402),
(231, 1, 1565240594, 1565241494),
(232, 3, 1565241071, 1565241971),
(233, 3, 1565241099, 1565241999),
(234, 1, 1565241162, 1565242062),
(235, 1, 1565241195, 1565242095),
(236, 1, 1565241278, 1565242178),
(237, 3, 1565242542, 1565243442),
(238, 3, 1565242798, 1565243698),
(239, 3, 1565243102, 1565244002),
(240, 3, 1565243895, 1565244795),
(241, 3, 1565243932, 1565244832),
(242, 1, 1565244014, 1565244914),
(243, 3, 1565244238, 1565245138),
(244, 1, 1565244644, 1565245544),
(245, 1, 1565244936, 1565245836),
(246, 1, 1565245122, 1565246022),
(247, 3, 1565245667, 1565246567),
(248, 1, 1565245831, 1565246731),
(249, 3, 1565245965, 1565246865),
(250, 3, 1565246119, 1565247019),
(251, 1, 1565246706, 1565247606),
(252, 3, 1565246952, 1565247852),
(253, 1, 1565247018, 1565247918),
(254, 3, 1565247061, 1565247961),
(255, 1, 1565248267, 1565249167),
(256, 3, 1565248311, 1565249211),
(257, 3, 1565250295, 1565251195),
(258, 3, 1565250600, 1565251500),
(259, 1, 1565254733, 1565255633),
(260, 3, 1565254839, 1565255739),
(261, 3, 1565255050, 1565255950),
(262, 1, 1565255151, 1565256051),
(263, 3, 1565255366, 1565256266),
(264, 3, 1565255452, 1565256352),
(265, 3, 1565255594, 1565256494),
(266, 3, 1565255665, 1565256565),
(267, 3, 1565255740, 1565256640),
(268, 3, 1565256152, 1565257052),
(269, 3, 1565256230, 1565257130),
(270, 3, 1565256960, 1565257860),
(271, 1, 1565257051, 1565257951),
(272, 3, 1565257131, 1565258031),
(273, 3, 1565257826, 1565258726),
(274, 1, 1565258315, 1565259215),
(275, 3, 1565258617, 1565259517),
(276, 3, 1565258774, 1565259674),
(277, 3, 1565258818, 1565259718),
(278, 3, 1565258994, 1565259894),
(279, 3, 1565259107, 1565260007),
(280, 3, 1565259332, 1565260232),
(281, 3, 1565259583, 1565260483),
(282, 3, 1565259894, 1565260794),
(283, 3, 1565260717, 1565261617),
(284, 3, 1565260906, 1565261806),
(285, 3, 1565262260, 1565263160),
(286, 3, 1565262395, 1565263295),
(287, 3, 1565262579, 1565263479),
(288, 3, 1565262626, 1565263526),
(289, 3, 1565262901, 1565263801),
(290, 3, 1565263758, 1565264658),
(291, 3, 1565263937, 1565264837),
(292, 3, 1565264108, 1565265008),
(293, 3, 1565264201, 1565265101),
(294, 3, 1565326374, 1565327274),
(295, 3, 1565326530, 1565327430),
(296, 3, 1565326567, 1565327467),
(297, 1, 1565326949, 1565327849),
(298, 1, 1565326949, 1565327849),
(299, 3, 1565327274, 1565328174),
(300, 3, 1565327278, 1565328178),
(301, 3, 1565327310, 1565328210),
(302, 3, 1565327313, 1565328213),
(303, 3, 1565327318, 1565328218),
(304, 3, 1565327537, 1565328437),
(305, 3, 1565327578, 1565328478),
(306, 3, 1565327607, 1565328507),
(307, 3, 1565328199, 1565329099),
(308, 3, 1565328202, 1565329102),
(309, 3, 1565328205, 1565329105),
(310, 3, 1565329322, 1565330222),
(311, 3, 1565330632, 1565331532),
(312, 1, 1565330769, 1565331669),
(313, 1, 1565330779, 1565331679),
(314, 3, 1565331369, 1565332269),
(315, 3, 1565331380, 1565332280),
(316, 3, 1565332801, 1565333701),
(317, 3, 1565332998, 1565333898),
(318, 3, 1565333052, 1565333952),
(319, 3, 1565333430, 1565334330),
(320, 3, 1565333511, 1565334411),
(321, 3, 1565333675, 1565334575),
(322, 3, 1565333772, 1565334672),
(323, 3, 1565334114, 1565335014),
(324, 3, 1565334197, 1565335097),
(325, 3, 1565334373, 1565335273),
(326, 3, 1565335336, 1565336236),
(327, 3, 1565335458, 1565336358),
(328, 3, 1565335762, 1565336662),
(329, 3, 1565336409, 1565337309),
(330, 3, 1565336508, 1565337408),
(331, 3, 1565336664, 1565337564),
(332, 3, 1565336986, 1565337886),
(333, 3, 1565337087, 1565337987),
(334, 3, 1565337223, 1565338123),
(335, 3, 1565337244, 1565338144),
(336, 3, 1565340866, 1565341766),
(337, 3, 1565340896, 1565341796),
(338, 3, 1565340958, 1565341858),
(339, 3, 1565341025, 1565341925),
(340, 3, 1565341075, 1565341975),
(341, 3, 1565341171, 1565342071),
(342, 3, 1565342216, 1565343116),
(343, 3, 1565342258, 1565343158),
(344, 3, 1565342289, 1565343189),
(345, 3, 1565342304, 1565343204),
(346, 3, 1565342322, 1565343222),
(347, 3, 1565342336, 1565343236),
(348, 3, 1565342573, 1565343473),
(349, 3, 1565342588, 1565343488),
(350, 3, 1565342841, 1565342851),
(351, 3, 1565671846, 1565672746),
(352, 3, 1565671859, 1565672759),
(353, 3, 1565672127, 1565673027),
(354, 3, 1565672132, 1565673032),
(355, 1, 1565672217, 1565673117),
(356, 1, 1565672509, 1565673409),
(357, 3, 1565673067, 1565673967),
(358, 3, 1565673088, 1565673988),
(359, 3, 1565673177, 1565674077),
(360, 3, 1565673192, 1565674092),
(361, 1, 1565673200, 1565674100),
(362, 3, 1565673295, 1565674195),
(363, 3, 1565673299, 1565674199),
(364, 1, 1565673330, 1565674230),
(365, 3, 1565673514, 1565674414),
(366, 3, 1565673633, 1565674533),
(367, 3, 1565673687, 1565674587),
(368, 3, 1565673775, 1565674675),
(369, 1, 1565673805, 1565674705),
(370, 3, 1565673840, 1565674740),
(371, 3, 1565674593, 1565675493),
(372, 3, 1565674775, 1565675675),
(373, 1, 1565674844, 1565675744),
(374, 3, 1565675323, 1565676223),
(375, 3, 1565675336, 1565676236),
(376, 3, 1565677006, 1565677906),
(377, 1, 1565677154, 1565678054),
(378, 3, 1565677267, 1565678167),
(379, 1, 1565677353, 1565678253),
(380, 3, 1565677473, 1565678373),
(381, 3, 1565677850, 1565678750),
(382, 1, 1565678339, 1565679239),
(383, 1, 1565678681, 1565679581),
(384, 3, 1565678750, 1565679650),
(385, 3, 1565678789, 1565679689),
(386, 3, 1565678877, 1565679777),
(387, 1, 1565678979, 1565679879),
(388, 3, 1565679685, 1565680585),
(389, 3, 1565679822, 1565680722),
(390, 3, 1565679896, 1565680796),
(391, 3, 1565679981, 1565680881),
(392, 3, 1565680503, 1565681403),
(393, 1, 1565681288, 1565682188),
(394, 3, 1565770224, 1565771124),
(395, 3, 1565774399, 1565775299),
(396, 3, 1565781041, 1565781941),
(397, 3, 1565781710, 1565782610),
(398, 3, 1565781777, 1565782677),
(399, 3, 1565781812, 1565782712),
(400, 3, 1565781873, 1565782773),
(401, 3, 1565781911, 1565782811),
(402, 3, 1565782064, 1565782964),
(403, 3, 1565782101, 1565783001),
(404, 3, 1565782135, 1565783035),
(405, 3, 1565782165, 1565783065),
(406, 3, 1565782193, 1565783093),
(407, 3, 1565782547, 1565783447),
(408, 3, 1565782613, 1565783513),
(409, 1, 1565929379, 1565930279),
(410, 3, 1565930063, 1565930963),
(411, 1, 1565930248, 1565931148),
(412, 3, 1565930358, 1565931258),
(413, 1, 1565930401, 1565931301),
(414, 1, 1565930497, 1565931397),
(415, 3, 1569170096, 1569170996),
(416, 3, 1569170105, 1569171005),
(417, 3, 1569170159, 1569171059),
(418, 3, 1570081505, 1570082405),
(420, 3, 1571856630, 1571857530),
(421, 3, 1571856641, 1571857541),
(422, 3, 1571856666, 1571857566),
(423, 3, 1571856696, 1571857596),
(424, 3, 1571856707, 1571857607),
(425, 3, 1571856730, 1571857630),
(426, 3, 1571856750, 1571857650),
(427, 3, 1571856753, 1571857653),
(428, 3, 1571856754, 1571857654),
(429, 3, 1571856765, 1571857665),
(430, 3, 1571856803, 1571857703),
(431, 3, 1571856823, 1571857723),
(432, 3, 1571856837, 1571857737),
(433, 3, 1571857422, 1571858322),
(434, 3, 1571857466, 1571858366),
(435, 3, 1571857518, 1571858418),
(436, 3, 1571857632, 1571858532),
(437, 3, 1571857674, 1571858574),
(438, 3, 1571857675, 1571858575),
(439, 3, 1571857728, 1571858628),
(440, 3, 1571857744, 1571858644),
(441, 3, 1571857935, 1571858835),
(442, 3, 1571857938, 1571858838),
(443, 3, 1571934485, 1571935385),
(444, 3, 1571934621, 1571935521),
(445, 3, 1571934678, 1571935578),
(446, 3, 1571934680, 1571935580),
(447, 3, 1571934701, 1571935601),
(448, 3, 1571934702, 1571935602),
(449, 3, 1571934826, 1571935726),
(450, 3, 1571934879, 1571935779),
(451, 3, 1571934962, 1571935862),
(452, 3, 1571934985, 1571935885),
(453, 3, 1571934998, 1571935898),
(454, 3, 1571935034, 1571935934),
(455, 3, 1571935039, 1571935939),
(456, 3, 1571935076, 1571935976),
(457, 3, 1571935143, 1571936043),
(458, 3, 1571935182, 1571936082),
(459, 3, 1571935224, 1571936124),
(460, 3, 1571935238, 1571936138),
(461, 3, 1571935570, 1571936470),
(462, 3, 1571935882, 1571936782),
(463, 3, 1571935890, 1571936790),
(464, 3, 1571935925, 1571936825),
(465, 3, 1571936029, 1571936929),
(466, 3, 1571936534, 1571937434),
(467, 3, 1571936567, 1571937467),
(468, 3, 1571936629, 1571937529),
(469, 3, 1571936652, 1571937552),
(470, 3, 1571936691, 1571937591),
(471, 3, 1571936751, 1571937651),
(472, 3, 1571936775, 1571937675),
(473, 3, 1571936927, 1571937827),
(474, 3, 1571936963, 1571937863),
(475, 3, 1571936994, 1571937894),
(476, 3, 1571937051, 1571937951),
(477, 3, 1571937065, 1571937965),
(478, 3, 1571937120, 1571938020),
(479, 3, 1571937131, 1571938031),
(480, 3, 1571937154, 1571938054),
(481, 3, 1571937171, 1571938071),
(482, 3, 1571937244, 1571938144),
(483, 3, 1571937270, 1571938170),
(484, 3, 1571937303, 1571938203),
(485, 3, 1571937368, 1571938268),
(486, 3, 1571937826, 1571938726),
(489, 3, 1571938939, 1571939839),
(490, 3, 1571938943, 1571939843),
(491, 3, 1572448747, 1572449647),
(492, 3, 1572449905, 1572450805),
(493, 3, 1572451843, 1572452743),
(494, 3, 1572452425, 1572453325),
(495, 3, 1572452805, 1572453705),
(496, 3, 1572452871, 1572453771),
(497, 3, 1572453104, 1572454004),
(498, 3, 1572453302, 1572454202),
(499, 3, 1572453394, 1572454294),
(500, 3, 1572454014, 1572454914),
(501, 3, 1572584310, 1572585210),
(502, 3, 1572584370, 1572585270),
(503, 3, 1572585685, 1572586585),
(504, 3, 1572586797, 1572587697),
(505, 3, 1572587109, 1572588009);

-- --------------------------------------------------------

--
-- Table structure for table `user`
--

CREATE TABLE `user` (
  `userId` int(11) NOT NULL,
  `username` varchar(50) NOT NULL,
  `email` varchar(100) NOT NULL,
  `password` varchar(500) NOT NULL
) ENGINE=InnoDB DEFAULT CHARSET=latin1;

--
-- Dumping data for table `user`
--

INSERT INTO `user` (`userId`, `username`, `email`, `password`) VALUES
(1, 'user1', 'user@gmail.com', 'e10adc3949ba59abbe56e057f20f883e'),
(2, 'user2', 'user2@gmail.com', '4297f44b13955235245b2497399d7a93'),
(3, 'adi', 'adithyadinesh123@gmail.com', 'e10adc3949ba59abbe56e057f20f883e'),
(5, 'user 3', '', 'e10adc3949ba59abbe56e057f20f883e'),
(6, 'User 5', '', 'e10adc3949ba59abbe56e057f20f883e');

-- --------------------------------------------------------

--
-- Table structure for table `userresponse`
--

CREATE TABLE `userresponse` (
  `sno` int(11) NOT NULL,
  `uid` int(11) NOT NULL,
  `qid` int(11) NOT NULL,
  `response` varchar(25) NOT NULL,
  `result` tinyint(1) NOT NULL,
  `tid` int(11) NOT NULL
) ENGINE=InnoDB DEFAULT CHARSET=latin1;

--
-- Dumping data for table `userresponse`
--

INSERT INTO `userresponse` (`sno`, `uid`, `qid`, `response`, `result`, `tid`) VALUES
(548, 3, 8, '300', 1, 201),
(549, 3, 6, '9', 1, 201),
(550, 3, 1, '324 m', 0, 201),
(551, 3, 7, '7/16', 1, 201),
(552, 3, 9, '10', 0, 201),
(553, 3, 4, '3 : 2', 1, 201),
(554, 3, 2, '55 km/hr', 0, 201),
(555, 3, 3, '245m', 1, 201),
(556, 3, 5, '9.75', 0, 201),
(558, 3, 6, '12', 0, 202),
(559, 3, 9, '12', 0, 202),
(560, 3, 1, '324 m', 0, 202),
(561, 3, 5, '9.75', 0, 202),
(562, 3, 4, '3 : 2', 1, 202),
(563, 3, 10, '11.00 Rs', 0, 202),
(564, 3, 8, '300', 1, 202),
(565, 3, 2, '50 km/hr', 1, 202),
(566, 3, 3, '225m', 0, 202),
(567, 3, 7, '7/16', 1, 202),
(568, 3, 6, '12', 0, 203),
(569, 3, 7, '7/16', 1, 203),
(570, 3, 1, '180 m', 0, 203),
(571, 3, 2, '50 km/hr', 1, 203),
(572, 3, 10, '8.80 Rs', 0, 203),
(573, 3, 5, '9.75', 0, 203),
(574, 3, 9, '14', 1, 203),
(575, 3, 3, '250m', 0, 203),
(576, 3, 4, '3 : 2', 1, 203),
(577, 3, 8, '420', 0, 203),
(578, 3, 4, '3 : 2', 1, 204),
(579, 3, 9, '14', 1, 204),
(580, 3, 6, '12', 0, 204),
(581, 3, 8, '300', 1, 204),
(582, 3, 7, '7/16', 1, 204),
(583, 3, 1, '180 m', 0, 204),
(584, 3, 10, '11.00 Rs', 0, 204),
(585, 3, 3, '225m', 0, 204),
(586, 3, 5, '7', 0, 204),
(587, 3, 2, '55 km/hr', 0, 204),
(588, 3, 5, '9.75', 0, 205),
(589, 3, 1, '150 m', 1, 205),
(590, 3, 4, '3 : 2', 1, 205),
(591, 3, 3, '200m', 0, 205),
(592, 3, 6, '9', 1, 205),
(593, 3, 9, '14', 1, 205),
(594, 3, 7, '7/16', 1, 205),
(595, 3, 8, '300', 1, 205),
(596, 3, 10, '11.00 Rs', 0, 205),
(597, 3, 2, '55 km/hr', 0, 205),
(598, 3, 9, '', 0, 206),
(599, 3, 6, '', 0, 206),
(600, 3, 4, '', 0, 206),
(601, 3, 5, '', 0, 206),
(602, 3, 8, '', 0, 206),
(603, 3, 10, '', 0, 206),
(604, 3, 1, '', 0, 206),
(605, 3, 7, '', 0, 206),
(606, 3, 2, '', 0, 206),
(607, 3, 3, '', 0, 206),
(608, 3, 4, '', 0, 207),
(609, 3, 7, '', 0, 207),
(610, 3, 6, '', 0, 207),
(611, 3, 8, '', 0, 207),
(612, 3, 10, '', 0, 207),
(613, 3, 1, '', 0, 207),
(614, 3, 9, '', 0, 207),
(615, 3, 3, '', 0, 207),
(616, 3, 2, '', 0, 207),
(617, 3, 5, '', 0, 207),
(618, 3, 1, '150 m', 1, 208),
(619, 3, 9, '14', 1, 208),
(620, 3, 8, '400', 0, 208),
(621, 3, 2, '54 km/hr', 0, 208),
(622, 3, 5, '9.75', 0, 208),
(623, 3, 6, '12', 0, 208),
(624, 3, 3, '250m', 0, 208),
(625, 3, 7, '7/16', 1, 208),
(626, 3, 4, '3 : 2', 1, 208),
(627, 3, 10, '11.00 Rs', 0, 208),
(628, 3, 8, '300', 1, 209),
(629, 3, 3, '200m', 0, 209),
(630, 3, 5, '9.75', 0, 209),
(631, 3, 9, '14', 1, 209),
(632, 3, 6, '12', 0, 209),
(633, 3, 2, '54 km/hr', 0, 209),
(634, 3, 4, '3 : 2', 1, 209),
(635, 3, 1, '150 m', 1, 209),
(636, 3, 7, '7/16', 1, 209),
(637, 3, 10, '11.00 Rs', 0, 209),
(638, 3, 9, '12', 0, 210),
(639, 3, 6, '12', 0, 210),
(640, 3, 4, '3 : 2', 1, 210),
(641, 3, 3, '245m', 1, 210),
(642, 3, 1, '150 m', 1, 210),
(643, 3, 7, '7/16', 1, 210),
(644, 3, 2, '50 km/hr', 1, 210),
(645, 3, 10, '8.80 Rs', 0, 210),
(646, 3, 5, '9.75', 0, 210),
(647, 3, 8, '400', 0, 210),
(648, 3, 3, '250m', 0, 211),
(649, 3, 2, '55 km/hr', 0, 211),
(650, 3, 10, '11.00 Rs', 0, 211),
(651, 3, 6, '9', 1, 211),
(652, 3, 1, '180 m', 0, 211),
(653, 3, 8, '300', 1, 211),
(654, 3, 4, '3 : 2', 1, 211),
(655, 3, 7, '7/16', 1, 211),
(656, 3, 5, '6', 1, 211),
(657, 3, 9, '14', 1, 211),
(658, 3, 2, '54 km/hr', 0, 212),
(659, 3, 3, '250m', 0, 212),
(660, 3, 8, '325', 0, 212),
(661, 3, 9, '10', 0, 212),
(662, 3, 1, '324 m', 0, 212),
(663, 3, 5, '3.25', 0, 212),
(664, 3, 10, '11.00 Rs', 0, 212),
(665, 3, 6, '12', 0, 212),
(666, 3, 7, '7/16', 1, 212),
(667, 3, 4, '3 : 2', 1, 212),
(668, 3, 7, '7/16', 1, 213),
(669, 3, 9, '14', 1, 213),
(670, 3, 1, '150 m', 1, 213),
(671, 3, 5, '6', 1, 213),
(672, 3, 2, '54 km/hr', 0, 213),
(673, 3, 4, '3 : 2', 1, 213),
(674, 3, 8, '300', 1, 213),
(675, 3, 10, '11.00 Rs', 0, 213),
(676, 3, 3, '200m', 0, 213),
(677, 3, 6, '12', 0, 213),
(678, 3, 9, '14', 1, 214),
(679, 3, 6, '12', 0, 214),
(680, 3, 3, '250m', 0, 214),
(681, 3, 2, '55 km/hr', 0, 214),
(682, 3, 4, '3 : 2', 1, 214),
(683, 3, 7, '7/16', 1, 214),
(684, 3, 5, '9.75', 0, 214),
(685, 3, 8, '300', 1, 214),
(686, 3, 10, '11.00 Rs', 0, 214),
(687, 3, 1, '324 m', 0, 214),
(688, 3, 9, '14', 1, 215),
(689, 3, 7, '7/16', 1, 215),
(690, 3, 3, '200m', 0, 215),
(691, 3, 8, '300', 1, 215),
(692, 3, 1, '150 m', 1, 215),
(693, 3, 10, '8.80 Rs', 0, 215),
(694, 3, 2, '54 km/hr', 0, 215),
(695, 3, 6, '12', 0, 215),
(696, 3, 4, '3 : 2', 1, 215),
(697, 3, 5, '9.75', 0, 215),
(698, 3, 10, '57.30 Rs', 1, 217),
(699, 3, 7, '7/16', 1, 217),
(700, 3, 2, '55 km/hr', 0, 217),
(701, 3, 1, '180 m', 0, 217),
(702, 3, 5, '9.75', 0, 217),
(703, 3, 3, '250m', 0, 217),
(704, 3, 9, '12', 0, 217),
(705, 3, 6, '12', 0, 217),
(706, 3, 8, '420', 0, 217),
(707, 3, 4, '3 : 2', 1, 217),
(708, 3, 4, '3 : 2', 1, 219),
(709, 3, 10, '11.00 Rs', 0, 220),
(710, 3, 1, '', 0, 224),
(711, 3, 10, '', 0, 224),
(712, 3, 5, '', 0, 224),
(713, 3, 10, '', 0, 225),
(714, 3, 4, '', 0, 226),
(715, 3, 5, '', 0, 226),
(716, 3, 1, '120 m', 0, 228),
(717, 3, 7, '7/16', 1, 229),
(718, 1, 4, '3 : 2', 1, 230),
(719, 1, 2, '45 km/hr', 0, 230),
(720, 1, 10, '8.80 Rs', 0, 230),
(721, 1, 2, '', 0, 230),
(722, 1, 2, '11.00 Rs', 0, 230),
(723, 1, 3, '200m', 0, 231),
(724, 1, 10, '11.00 Rs', 0, 231),
(725, 1, 3, '', 0, 231),
(726, 1, 10, '11.00 Rs', 0, 231),
(727, 1, 5, '', 0, 231),
(728, 1, 8, '', 0, 231),
(729, 1, 5, '', 0, 231),
(730, 1, 10, '', 0, 231),
(731, 1, 5, '', 0, 231),
(732, 1, 8, '', 0, 231),
(733, 1, 4, '', 0, 231),
(734, 1, 6, '', 0, 231),
(735, 1, 9, '', 0, 231),
(736, 3, 8, '', 0, 232),
(737, 3, 2, '', 0, 232),
(738, 3, 2, '45 km/hr', 0, 242),
(739, 3, 4, '3 : 2', 1, 242),
(740, 3, 9, '8', 0, 242),
(741, 3, 10, '11.00 Rs', 0, 242),
(742, 3, 7, '7/16', 1, 242),
(743, 3, 6, '7', 0, 242),
(744, 3, 8, '300', 1, 242),
(745, 3, 3, '250m', 0, 242),
(746, 3, 5, '7', 0, 242),
(747, 3, 1, '324 m', 0, 242),
(748, 3, 6, '', 0, 243),
(749, 3, 4, '', 0, 243),
(750, 3, 3, '', 0, 243),
(751, 3, 5, '', 0, 243),
(752, 3, 8, '', 0, 243),
(753, 3, 2, '', 0, 243),
(754, 3, 7, '', 0, 243),
(755, 3, 1, '', 0, 243),
(756, 3, 9, '', 0, 243),
(757, 3, 10, '', 0, 243),
(758, 1, 5, '9.75', 0, 245),
(759, 1, 6, '12', 0, 245),
(760, 1, 9, '12', 0, 245),
(761, 1, 10, '11.00 Rs', 0, 245),
(762, 1, 4, '3 : 2', 1, 245),
(763, 1, 3, '245m', 1, 245),
(764, 1, 7, '7/16', 1, 245),
(765, 1, 2, '45 km/hr', 0, 245),
(766, 1, 8, '300', 1, 245),
(767, 1, 1, '150 m', 1, 245),
(768, 3, 7, '7/9', 0, 246),
(769, 3, 7, '', 0, 246),
(770, 3, 7, '7/16', 1, 246),
(771, 3, 10, '1.10 Rs', 0, 246),
(772, 3, 7, '', 0, 246),
(773, 3, 10, '', 0, 246),
(774, 3, 5, '6', 1, 246),
(775, 3, 3, '250m', 0, 246),
(776, 3, 2, '55 km/hr', 0, 246),
(777, 3, 6, '9', 1, 246),
(778, 3, 2, '', 0, 246),
(779, 3, 6, '12', 0, 246),
(780, 3, 1, '150 m', 1, 246),
(781, 3, 9, '14', 1, 246),
(782, 3, 8, '300', 1, 246),
(783, 3, 4, '3 : 2', 1, 246),
(784, 3, 1, '150 m', 1, 247),
(785, 3, 5, '6', 1, 247),
(786, 1, 6, '12', 0, 248),
(787, 1, 1, '150 m', 1, 248),
(788, 1, 3, '250m', 0, 250),
(789, 1, 2, '55 km/hr', 0, 250),
(790, 1, 9, '14', 1, 250),
(791, 1, 1, '150 m', 1, 250),
(792, 1, 5, '6', 1, 250),
(793, 1, 10, '11.00 Rs', 0, 250),
(794, 1, 8, '300', 1, 250),
(795, 1, 4, '3 : 2', 1, 250),
(796, 1, 6, '12', 0, 250),
(797, 1, 7, '7/16', 1, 250),
(798, 3, 3, '250m', 0, 251),
(799, 3, 8, '300', 1, 251),
(800, 3, 4, '3 : 2', 1, 251),
(801, 3, 6, '', 0, 251),
(802, 3, 1, '', 0, 251),
(803, 3, 5, '6', 1, 251),
(804, 3, 10, '11.00 Rs', 0, 251),
(805, 3, 2, '54 km/hr', 0, 251),
(806, 3, 9, '14', 1, 251),
(807, 3, 7, '7/16', 1, 251),
(808, 1, 8, '', 0, 255),
(809, 1, 6, '', 0, 255),
(810, 1, 7, '', 0, 255),
(811, 1, 3, '', 0, 255),
(812, 1, 4, '', 0, 255),
(813, 1, 5, '', 0, 255),
(814, 1, 1, '', 0, 255),
(815, 1, 9, '', 0, 255),
(816, 1, 10, '', 0, 255),
(817, 1, 9, '', 0, 256),
(818, 1, 6, '', 0, 256),
(819, 1, 2, '', 0, 256),
(820, 1, 7, '', 0, 256),
(821, 1, 3, '', 0, 256),
(822, 1, 5, '', 0, 256),
(823, 1, 4, '', 0, 256),
(824, 1, 10, '', 0, 256),
(825, 3, 6, '', 0, 257),
(826, 3, 8, '', 0, 257),
(827, 3, 5, '', 0, 257),
(828, 3, 3, '', 0, 258),
(829, 3, 9, '', 0, 258),
(830, 3, 10, '', 0, 258),
(831, 3, 1, '', 0, 259),
(832, 3, 5, '', 0, 259),
(833, 3, 3, '', 0, 259),
(834, 1, 7, '', 0, 260),
(835, 1, 4, '', 0, 260),
(836, 1, 3, '', 0, 260),
(837, 1, 9, '', 0, 260),
(838, 1, 1, '', 0, 260),
(839, 1, 8, '', 0, 260),
(840, 1, 2, '', 0, 260),
(841, 1, 5, '', 0, 260),
(842, 1, 6, '', 0, 260),
(843, 3, 6, '', 0, 261),
(844, 3, 10, '', 0, 261),
(845, 3, 7, '', 0, 261),
(846, 3, 8, '', 0, 264),
(847, 3, 1, '', 0, 264),
(848, 3, 3, '', 0, 264),
(849, 3, 9, '', 0, 265),
(850, 3, 7, '', 0, 265),
(851, 3, 8, '', 0, 265),
(852, 3, 3, '', 0, 265),
(853, 3, 7, '7/16', 1, 267),
(854, 3, 1, '150 m', 1, 269),
(855, 3, 10, '', 0, 271),
(856, 3, 7, '', 0, 271),
(857, 3, 1, '', 0, 271),
(858, 3, 9, '', 0, 273),
(859, 1, 2, '45 km/hr', 0, 274),
(860, 1, 5, '7', 0, 274),
(861, 1, 1, '180 m', 0, 274),
(862, 1, 7, '7/16', 1, 274),
(863, 1, 3, '245m', 1, 274),
(864, 1, 4, '3 : 2', 1, 274),
(865, 1, 8, '300', 1, 274),
(866, 1, 9, '14', 1, 274),
(868, 3, 1, '150 m', 1, 275),
(869, 3, 4, '3 : 2', 1, 275),
(870, 1, 7, '7/16', 1, 279),
(871, 1, 2, '50 km/hr', 1, 279),
(872, 1, 6, '12', 0, 279),
(873, 1, 9, '14', 1, 279),
(874, 1, 1, '150 m', 1, 279),
(875, 1, 13, '60%', 1, 279),
(876, 1, 10, '11.00 Rs', 0, 279),
(877, 1, 14, '12%', 0, 279),
(878, 1, 3, '245m', 1, 279),
(879, 1, 4, '3 : 2', 1, 279),
(880, 3, 6, '8', 0, 281),
(881, 3, 8, '300', 1, 281),
(882, 3, 1, '150 m', 1, 281),
(883, 3, 14, '12%', 0, 281),
(884, 3, 4, '3 : 2', 1, 281),
(885, 3, 9, '12', 0, 281),
(886, 3, 7, '7/16', 1, 281),
(887, 3, 2, '50 km/hr', 1, 281),
(888, 3, 3, '245m', 1, 281),
(889, 3, 10, '11.00 Rs', 0, 281),
(891, 3, 3, '45 km/hr', 0, 371),
(893, 3, 1, '324 m', 0, 372),
(894, 3, 14, '11%', 0, 372),
(895, 3, 5, '3.25', 0, 372),
(896, 3, 9, '14', 1, 372),
(897, 3, 2, '55 km/hr', 0, 372),
(898, 3, 10, '57.30 Rs', 1, 372),
(899, 3, 8, '400', 0, 372),
(900, 3, 13, '60%', 1, 372),
(901, 3, 4, '3 : 4', 0, 372);

--
-- Indexes for dumped tables
--

--
-- Indexes for table `admin`
--
ALTER TABLE `admin`
  ADD PRIMARY KEY (`id`);

--
-- Indexes for table `category`
--
ALTER TABLE `category`
  ADD PRIMARY KEY (`id`);

--
-- Indexes for table `exam`
--
ALTER TABLE `exam`
  ADD PRIMARY KEY (`eid`),
  ADD KEY `uid` (`uid`);

--
-- Indexes for table `questions`
--
ALTER TABLE `questions`
  ADD PRIMARY KEY (`id`),
  ADD KEY `category` (`category`);

--
-- Indexes for table `timetable`
--
ALTER TABLE `timetable`
  ADD PRIMARY KEY (`tid`),
  ADD KEY `uid` (`uid`);

--
-- Indexes for table `user`
--
ALTER TABLE `user`
  ADD PRIMARY KEY (`userId`),
  ADD UNIQUE KEY `username` (`username`);

--
-- Indexes for table `userresponse`
--
ALTER TABLE `userresponse`
  ADD PRIMARY KEY (`sno`),
  ADD KEY `uid` (`uid`),
  ADD KEY `qid` (`qid`),
  ADD KEY `tid` (`tid`);

--
-- AUTO_INCREMENT for dumped tables
--

--
-- AUTO_INCREMENT for table `admin`
--
ALTER TABLE `admin`
  MODIFY `id` int(11) NOT NULL AUTO_INCREMENT, AUTO_INCREMENT=2;
--
-- AUTO_INCREMENT for table `category`
--
ALTER TABLE `category`
  MODIFY `id` int(11) NOT NULL AUTO_INCREMENT, AUTO_INCREMENT=3;
--
-- AUTO_INCREMENT for table `exam`
--
ALTER TABLE `exam`
  MODIFY `eid` int(11) NOT NULL AUTO_INCREMENT, AUTO_INCREMENT=373;
--
-- AUTO_INCREMENT for table `questions`
--
ALTER TABLE `questions`
  MODIFY `id` int(11) NOT NULL AUTO_INCREMENT, AUTO_INCREMENT=15;
--
-- AUTO_INCREMENT for table `timetable`
--
ALTER TABLE `timetable`
  MODIFY `tid` int(11) NOT NULL AUTO_INCREMENT, AUTO_INCREMENT=506;
--
-- AUTO_INCREMENT for table `user`
--
ALTER TABLE `user`
  MODIFY `userId` int(11) NOT NULL AUTO_INCREMENT, AUTO_INCREMENT=7;
--
-- AUTO_INCREMENT for table `userresponse`
--
ALTER TABLE `userresponse`
  MODIFY `sno` int(11) NOT NULL AUTO_INCREMENT, AUTO_INCREMENT=902;
--
-- Constraints for dumped tables
--

--
-- Constraints for table `exam`
--
ALTER TABLE `exam`
  ADD CONSTRAINT `exam_ibfk_1` FOREIGN KEY (`uid`) REFERENCES `user` (`userId`);

--
-- Constraints for table `questions`
--
ALTER TABLE `questions`
  ADD CONSTRAINT `questions_ibfk_1` FOREIGN KEY (`category`) REFERENCES `category` (`id`);

--
-- Constraints for table `timetable`
--
ALTER TABLE `timetable`
  ADD CONSTRAINT `timetable_ibfk_1` FOREIGN KEY (`uid`) REFERENCES `user` (`userId`);

--
-- Constraints for table `userresponse`
--
ALTER TABLE `userresponse`
  ADD CONSTRAINT `userresponse_ibfk_1` FOREIGN KEY (`uid`) REFERENCES `exam` (`uid`),
  ADD CONSTRAINT `userresponse_ibfk_2` FOREIGN KEY (`qid`) REFERENCES `questions` (`id`),
  ADD CONSTRAINT `userresponse_ibfk_3` FOREIGN KEY (`tid`) REFERENCES `exam` (`eid`);

/*!40101 SET CHARACTER_SET_CLIENT=@OLD_CHARACTER_SET_CLIENT */;
/*!40101 SET CHARACTER_SET_RESULTS=@OLD_CHARACTER_SET_RESULTS */;
/*!40101 SET COLLATION_CONNECTION=@OLD_COLLATION_CONNECTION */;
